district_id,district_name,region,inhabitants,urban_ratio_pct,avg_salary,unemployment_95,unemployment_96,entrepreneurs_per_1000,crimes_95,crimes_96
1,Hl.m. Praha,Prague,1204953,100.0,12541,0.29,0.43,167,85677.0,99107
2,Benesov,central Bohemia,88884,46.7,8507,1.67,1.85,132,2159.0,2674
3,Beroun,central Bohemia,75232,41.7,8980,1.95,2.21,111,2824.0,2813
4,Kladno,central Bohemia,149893,67.4,9753,4.64,5.05,109,5244.0,5892
5,Kolin,central Bohemia,95616,51.4,9307,3.85,4.43,118,2616.0,3040
6,Kutna Hora,central Bohemia,77963,51.5,8546,2.95,4.02,126,2640.0,3120
7,Melnik,central Bohemia,94725,63.4,9920,2.26,2.87,130,4289.0,4846
8,Mlada Boleslav,central Bohemia,112065,69.4,11277,1.25,1.44,127,5179.0,4987
9,Nymburk,central Bohemia,81344,55.3,8899,3.39,3.97,149,2987.0,2487
10,Praha - vychod,central Bohemia,92084,46.7,10124,0.56,0.54,141,3810.0,4316
11,Praha - zapad,central Bohemia,75637,36.5,9622,0.45,0.59,154,3475.0,3529
12,Pribram,central Bohemia,107870,58.0,8754,3.83,4.31,137,3804.0,3868
13,Rakovnik,central Bohemia,53921,41.3,8598,2.77,3.26,123,1597.0,1875
14,Ceske Budejovice,south Bohemia,177686,74.8,10045,1.42,1.71,135,6604.0,6295
15,Cesky Krumlov,south Bohemia,58796,51.9,9045,3.13,3.6,124,1845.0,1879
16,Jindrichuv Hradec,south Bohemia,93931,56.9,8427,1.12,1.54,107,1874.0,1913
17,Pelhrimov,south Bohemia,74062,61.4,8114,2.38,2.62,119,1003.0,1181
18,Pisek,south Bohemia,70699,65.3,8968,2.83,3.35,131,1740.0,1910
19,Prachatice,south Bohemia,51428,52.7,8402,3.13,3.98,120,999.0,1099
20,Strakonice,south Bohemia,70646,58.4,8547,2.65,3.64,120,1563.0,1542
21,Tabor,south Bohemia,103347,67.0,9104,1.51,2.07,123,2299.0,2354
22,Domazlice,west Bohemia,58400,52.4,8620,1.1,1.25,100,1089.0,1117
23,Cheb,west Bohemia,87419,85.5,8624,1.79,2.66,102,2879.0,3198
24,Karlovy Vary,west Bohemia,122603,80.0,8991,1.39,2.01,128,5198.0,5273
25,Klatovy,west Bohemia,88757,61.7,8554,2.47,2.68,113,1822.0,2218
26,Plzen - mesto,west Bohemia,170449,100.0,10787,2.64,3.09,131,6041.0,6261
27,Plzen - jih,west Bohemia,67298,43.8,8561,0.65,1.29,110,1029.0,1127
28,Plzen - sever,west Bohemia,72541,36.9,8594,1.62,2.01,112,1580.0,1525
29,Rokycany,west Bohemia,45714,55.6,8843,2.82,3.6,113,818.0,888
30,Sokolov,west Bohemia,94812,81.8,9650,3.38,3.67,100,2985.0,2804
31,Tachov,west Bohemia,51313,59.2,8930,3.52,4.2,108,1328.0,1452
32,Ceska Lipa,north Bohemia,105058,81.0,9272,2.8,3.22,118,4340.0,4505
33,Decin,north Bohemia,133777,84.7,8705,5.75,7.61,116,4650.0,4859
34,Chomutov,north Bohemia,125236,87.7,9675,6.43,7.68,100,5323.0,5190
35,Jablonec n. Nisou,north Bohemia,88768,80.5,8867,1.02,1.21,130,3384.0,3620
36,Liberec,north Bohemia,159617,85.2,9198,3.33,4.28,131,5796.0,6132
37,Litomerice,north Bohemia,114006,62.3,9065,4.46,5.39,123,4147.0,4166
38,Louny,north Bohemia,85852,59.8,8965,7.08,8.23,104,2653.0,2822
39,Most,north Bohemia,119895,89.9,10446,7.34,9.4,90,4947.0,4743
40,Teplice,north Bohemia,128118,85.3,9317,6.49,7.07,97,6949.0,6872
41,Usti nad Labem,north Bohemia,118650,85.6,9832,3.32,4.48,114,6445.0,5471
42,Havlickuv Brod,east Bohemia,95907,59.1,8388,2.41,2.94,87,1658.0,1668
43,Hradec Kralove,east Bohemia,161854,76.3,9425,1.72,2.5,125,4085.0,3891
44,Chrudim,east Bohemia,105606,53.0,8254,2.79,3.76,97,2166.0,2325
45,Jicin,east Bohemia,77917,53.5,8390,2.28,2.89,132,2080.0,2122
46,Nachod,east Bohemia,112709,73.5,8369,1.79,2.31,117,2854.0,2618
47,Pardubice,east Bohemia,162580,72.8,9538,1.51,1.81,111,6079.0,5410
48,Rychnov nad Kneznou,east Bohemia,78955,59.0,9060,1.78,2.44,124,1655.0,1717
49,Semily,east Bohemia,75685,60.8,8208,1.89,2.26,155,1660.0,2123
50,Svitavy,east Bohemia,102609,52.0,8187,4.83,5.45,94,2123.0,2134
51,Trutnov,east Bohemia,121947,70.5,8541,2.51,2.97,131,3496.0,3839
52,Usti nad Orlici,east Bohemia,139012,61.9,8363,2.52,3.49,108,2564.0,2799
53,Blansko,south Moravia,107911,50.9,8240,2.53,3.56,99,1850.0,1903
54,Brno - mesto,south Moravia,387570,100.0,9897,1.6,1.96,140,18721.0,18696
55,Brno - venkov,south Moravia,157042,33.9,8743,1.88,2.43,111,3659.0,3894
56,Breclav,south Moravia,124605,46.0,8772,4.69,4.98,126,2854.0,3158
57,Hodonin,south Moravia,161954,48.0,8720,3.73,4.5,116,3729.0,3651
58,Jihlava,south Moravia,109164,63.6,8757,3.38,3.95,96,2212.0,2471
59,Kromeriz,south Moravia,108871,62.1,8444,3.24,3.47,106,2595.0,2305
60,Prostejov,south Moravia,110643,51.9,8441,3.45,4.48,115,1879.0,2252
61,Trebic,south Moravia,117897,53.8,8814,4.76,5.74,107,2112.0,2059
62,Uherske Hradiste,south Moravia,145688,40.7,8544,1.29,1.86,109,2719.0,2906
63,Vyskov,south Moravia,86513,50.5,8288,3.79,4.52,110,1562.0,1460
64,Zlin,south Moravia,197099,74.7,9624,1.6,2.31,145,4484.0,4265
65,Znojmo,south Moravia,114200,43.7,8403,5.74,5.72,105,2157.0,2718
66,Zdar nad Sazavou,south Moravia,125832,48.3,8512,3.51,4.12,102,2247.0,2103
67,Bruntal,north Moravia,106054,63.1,8110,5.77,6.55,109,3244.0,3079
68,Frydek - Mistek,north Moravia,228848,57.2,9893,4.09,4.72,96,5623.0,5887
69,Jesenik,north Moravia,42821,48.4,8173,,7.01,124,,1358
70,Karvina,north Moravia,285387,89.9,10177,6.63,7.75,81,9878.0,10108
71,Novy Jicin,north Moravia,161227,69.7,8678,5.93,5.57,102,4980.0,4595
72,Olomouc,north Moravia,226122,62.6,8994,3.8,4.79,110,9672.0,9208
73,Opava,north Moravia,182027,56.4,8746,3.33,3.74,90,4355.0,4433
74,Ostrava - mesto,north Moravia,323870,100.0,10673,4.75,5.44,100,18782.0,18347
75,Prerov,north Moravia,138032,64.6,8819,5.38,5.66,99,4063.0,4505
76,Sumperk,north Moravia,127369,51.2,8369,4.73,5.88,107,3736.0,2807
77,Vsetin,north Moravia,148545,53.5,8909,4.01,5.56,113,3460.0,3590
