month,txn_type,operation,k_symbol,txn_count,amount
1993-01,PRIJEM,NOT_APPLICABLE,UROK,37,1219.6
1993-01,PRIJEM,PREVOD Z UCTU,DUCHOD,9,48542.0
1993-01,PRIJEM,PREVOD Z UCTU,NONE,3,51392.0
1993-01,PRIJEM,VKLAD,NONE,127,566304.0
1993-01,VYDAJ,VYBER,NONE,1,34700.0
1993-02,PRIJEM,NOT_APPLICABLE,UROK,104,6015.7
1993-02,PRIJEM,PREVOD Z UCTU,DUCHOD,25,135944.0
1993-02,PRIJEM,PREVOD Z UCTU,NONE,24,452978.0
1993-02,PRIJEM,VKLAD,NONE,219,1850561.0
1993-02,VYDAJ,PREVOD NA UCET,SIPO,1,9612.0
1993-02,VYDAJ,VYBER,NONE,21,271800.0
1993-02,VYDAJ,VYBER,SLUZBY,1,14.6
1993-03,PRIJEM,NOT_APPLICABLE,UROK,183,15332.4
1993-03,PRIJEM,PREVOD Z UCTU,DUCHOD,49,273484.0
1993-03,PRIJEM,PREVOD Z UCTU,NONE,43,771007.0
1993-03,PRIJEM,VKLAD,NONE,311,2795806.0
1993-03,VYDAJ,PREVOD NA UCET,NONE,1,1591.0
1993-03,VYDAJ,PREVOD NA UCET,POJISTNE,1,3572.0
1993-03,VYDAJ,PREVOD NA UCET,SIPO,2,17033.0
1993-03,VYDAJ,VYBER,NONE,82,852334.0
1993-03,VYDAJ,VYBER,SLUZBY,4,159.2
1993-04,PRIJEM,NOT_APPLICABLE,UROK,260,27019.8
1993-04,PRIJEM,PREVOD Z UCTU,DUCHOD,60,329715.0
1993-04,PRIJEM,PREVOD Z UCTU,NONE,63,1071465.0
1993-04,PRIJEM,VKLAD,NONE,363,3897549.0
1993-04,VYDAJ,PREVOD NA UCET,NONE,2,2391.0
1993-04,VYDAJ,PREVOD NA UCET,POJISTNE,1,3572.0
1993-04,VYDAJ,PREVOD NA UCET,SIPO,3,19720.0
1993-04,VYDAJ,VYBER,NONE,149,2026660.0
1993-04,VYDAJ,VYBER,SLUZBY,12,276.0
1993-05,PRIJEM,NOT_APPLICABLE,UROK,334,41479.4
1993-05,PRIJEM,PREVOD Z UCTU,DUCHOD,74,409911.0
1993-05,PRIJEM,PREVOD Z UCTU,NONE,78,1284707.0
1993-05,PRIJEM,VKLAD,NONE,461,5928630.0
1993-05,VYDAJ,PREVOD NA UCET,NONE,12,15596.0
1993-05,VYDAJ,PREVOD NA UCET,POJISTNE,5,10209.0
1993-05,VYDAJ,PREVOD NA UCET,SIPO,18,93102.0
1993-05,VYDAJ,VYBER,NONE,267,3891299.0
1993-05,VYDAJ,VYBER,SIPO,1,4700.0
1993-05,VYDAJ,VYBER,SLUZBY,56,1120.0
1993-06,PRIJEM,NOT_APPLICABLE,UROK,434,57924.9
1993-06,PRIJEM,PREVOD Z UCTU,DUCHOD,89,488814.0
1993-06,PRIJEM,PREVOD Z UCTU,NONE,94,2178890.0
1993-06,PRIJEM,VKLAD,NONE,494,8043644.5
1993-06,VYDAJ,PREVOD NA UCET,NONE,45,65408.0
1993-06,VYDAJ,PREVOD NA UCET,POJISTNE,16,23851.0
1993-06,VYDAJ,PREVOD NA UCET,SIPO,67,253394.0
1993-06,VYDAJ,VYBER,NONE,485,7148846.0
1993-06,VYDAJ,VYBER,SANKC. UROK,2,5.5
1993-06,VYDAJ,VYBER,SIPO,6,28600.0
1993-06,VYDAJ,VYBER,SLUZBY,148,2571.0
1993-07,PRIJEM,NOT_APPLICABLE,UROK,532,72872.5
1993-07,PRIJEM,PREVOD Z UCTU,DUCHOD,102,563120.0
1993-07,PRIJEM,PREVOD Z UCTU,NONE,113,1780462.0
1993-07,PRIJEM,VKLAD,NONE,605,8220004.0
1993-07,VYDAJ,PREVOD NA UCET,NONE,77,118205.0
1993-07,VYDAJ,PREVOD NA UCET,POJISTNE,27,32788.0
1993-07,VYDAJ,PREVOD NA UCET,SIPO,130,552536.0
1993-07,VYDAJ,PREVOD NA UCET,UVER,1,4610.0
1993-07,VYDAJ,VYBER,NONE,564,6625691.0
1993-07,VYDAJ,VYBER,SANKC. UROK,1,15.0
1993-07,VYDAJ,VYBER,SIPO,6,46900.0
1993-07,VYDAJ,VYBER,SLUZBY,241,4091.2
1993-08,PRIJEM,NOT_APPLICABLE,UROK,643,87195.0
1993-08,PRIJEM,PREVOD Z UCTU,DUCHOD,114,628153.0
1993-08,PRIJEM,PREVOD Z UCTU,NONE,147,2452135.0
1993-08,PRIJEM,VKLAD,NONE,694,8789858.0
1993-08,VYDAJ,PREVOD NA UCET,NONE,107,177746.0
1993-08,VYDAJ,PREVOD NA UCET,POJISTNE,37,36030.0
1993-08,VYDAJ,PREVOD NA UCET,SIPO,204,853076.0
1993-08,VYDAJ,PREVOD NA UCET,UVER,3,9667.0
1993-08,VYDAJ,VYBER,NONE,652,7915257.0
1993-08,VYDAJ,VYBER,SIPO,10,74100.0
1993-08,VYDAJ,VYBER,SLUZBY,327,5594.599999999999
1993-09,PRIJEM,NOT_APPLICABLE,UROK,744,101660.7
1993-09,PRIJEM,PREVOD Z UCTU,DUCHOD,133,735702.0
1993-09,PRIJEM,PREVOD Z UCTU,NONE,162,2643604.0
1993-09,PRIJEM,VKLAD,NONE,764,10034600.0
1993-09,VYDAJ,PREVOD NA UCET,NONE,145,260911.0
1993-09,VYDAJ,PREVOD NA UCET,POJISTNE,48,51884.0
1993-09,VYDAJ,PREVOD NA UCET,SIPO,263,1124192.0
1993-09,VYDAJ,PREVOD NA UCET,UVER,4,14246.0
1993-09,VYDAJ,VYBER,NONE,772,8399953.0
1993-09,VYDAJ,VYBER,SANKC. UROK,1,0.7
1993-09,VYDAJ,VYBER,SIPO,8,65200.0
1993-09,VYDAJ,VYBER,SLUZBY,397,6748.2
1993-10,PRIJEM,NOT_APPLICABLE,UROK,840,117821.8
1993-10,PRIJEM,PREVOD Z UCTU,DUCHOD,148,815667.0
1993-10,PRIJEM,PREVOD Z UCTU,NONE,178,2881674.0
1993-10,PRIJEM,VKLAD,NONE,806,11667797.0
1993-10,VYDAJ,PREVOD NA UCET,NONE,174,331124.0
1993-10,VYDAJ,PREVOD NA UCET,POJISTNE,60,59481.0
1993-10,VYDAJ,PREVOD NA UCET,SIPO,315,1348921.0
1993-10,VYDAJ,PREVOD NA UCET,UVER,7,29586.1
1993-10,VYDAJ,VYBER,NONE,967,10244141.0
1993-10,VYDAJ,VYBER,SANKC. UROK,1,6.0
1993-10,VYDAJ,VYBER,SIPO,9,66500.0
1993-10,VYDAJ,VYBER,SLUZBY,484,8180.8
1993-11,PRIJEM,NOT_APPLICABLE,UROK,922,131523.5
1993-11,PRIJEM,PREVOD Z UCTU,DUCHOD,165,907030.0
1993-11,PRIJEM,PREVOD Z UCTU,NONE,196,3082399.0
1993-11,PRIJEM,VKLAD,NONE,879,11492356.0
1993-11,VYDAJ,PREVOD NA UCET,NONE,208,384466.0
1993-11,VYDAJ,PREVOD NA UCET,POJISTNE,70,92763.0
1993-11,VYDAJ,PREVOD NA UCET,SIPO,383,1614888.0
1993-11,VYDAJ,PREVOD NA UCET,UVER,10,38287.6
1993-11,VYDAJ,VYBER,NONE,1003,10684462.0
1993-11,VYDAJ,VYBER,SANKC. UROK,1,23.4
1993-11,VYDAJ,VYBER,SIPO,11,87800.0
1993-11,VYDAJ,VYBER,SLUZBY,574,9742.6
1993-12,PRIJEM,NOT_APPLICABLE,UROK,1032,150797.6
1993-12,PRIJEM,PREVOD Z UCTU,DUCHOD,181,1001149.0
1993-12,PRIJEM,PREVOD Z UCTU,NONE,212,4821185.0
1993-12,PRIJEM,VKLAD,NONE,962,16535136.0
1993-12,VYDAJ,PREVOD NA UCET,NONE,242,438734.0
1993-12,VYDAJ,PREVOD NA UCET,POJISTNE,78,97715.0
1993-12,VYDAJ,PREVOD NA UCET,SIPO,449,1909980.0
1993-12,VYDAJ,PREVOD NA UCET,UVER,15,58523.0
1993-12,VYDAJ,VYBER,NONE,1802,15081241.0
1993-12,VYDAJ,VYBER,SANKC. UROK,3,24.4
1993-12,VYDAJ,VYBER,SIPO,15,106700.0
1993-12,VYDAJ,VYBER,SLUZBY,678,11423.4
1994-01,PRIJEM,NOT_APPLICABLE,UROK,1102,141731.3
1994-01,PRIJEM,PREVOD Z UCTU,DUCHOD,203,1119743.0
1994-01,PRIJEM,PREVOD Z UCTU,NONE,227,3545674.0
1994-01,PRIJEM,VKLAD,NONE,1029,13810721.0
1994-01,VYDAJ,PREVOD NA UCET,NONE,284,530928.0
1994-01,VYDAJ,PREVOD NA UCET,POJISTNE,91,117433.0
1994-01,VYDAJ,PREVOD NA UCET,SIPO,525,2184222.0
1994-01,VYDAJ,PREVOD NA UCET,UVER,22,85188.5
1994-01,VYDAJ,VYBER,NONE,4829,20904485.0
1994-01,VYDAJ,VYBER,SANKC. UROK,24,120.1
1994-01,VYDAJ,VYBER,SIPO,15,113600.0
1994-01,VYDAJ,VYBER,SLUZBY,779,13386.6
1994-01,VYDAJ,VYBER KARTOU,NONE,9,25000.0
1994-02,PRIJEM,NOT_APPLICABLE,UROK,1138,145618.1
1994-02,PRIJEM,PREVOD Z UCTU,DUCHOD,205,1130385.0
1994-02,PRIJEM,PREVOD Z UCTU,NONE,230,3620943.0
1994-02,PRIJEM,VKLAD,NONE,1009,13489518.0
1994-02,VYDAJ,PREVOD NA UCET,NONE,321,603178.0
1994-02,VYDAJ,PREVOD NA UCET,POJISTNE,100,128626.0
1994-02,VYDAJ,PREVOD NA UCET,SIPO,592,2488771.0
1994-02,VYDAJ,PREVOD NA UCET,UVER,27,102973.7
1994-02,VYDAJ,VYBER,NONE,1079,9440789.0
1994-02,VYDAJ,VYBER,SANKC. UROK,22,183.3
1994-02,VYDAJ,VYBER,SIPO,15,115600.0
1994-02,VYDAJ,VYBER,SLUZBY,862,14791.6
1994-02,VYDAJ,VYBER KARTOU,NONE,1,400.0
1994-03,PRIJEM,NOT_APPLICABLE,UROK,1188,163574.4
1994-03,PRIJEM,PREVOD Z UCTU,DUCHOD,213,1176175.0
1994-03,PRIJEM,PREVOD Z UCTU,NONE,232,3626963.0
1994-03,PRIJEM,VKLAD,NONE,1036,14957884.0
1994-03,VYDAJ,PREVOD NA UCET,NONE,355,680326.0
1994-03,VYDAJ,PREVOD NA UCET,POJISTNE,110,148244.0
1994-03,VYDAJ,PREVOD NA UCET,SIPO,651,2678536.0
1994-03,VYDAJ,PREVOD NA UCET,UVER,34,140483.9
1994-03,VYDAJ,VYBER,NONE,1460,13665253.0
1994-03,VYDAJ,VYBER,SANKC. UROK,9,88.3
1994-03,VYDAJ,VYBER,SIPO,20,128200.0
1994-03,VYDAJ,VYBER,SLUZBY,945,16275.0
1994-03,VYDAJ,VYBER KARTOU,NONE,2,1800.0
1994-04,PRIJEM,NOT_APPLICABLE,UROK,1232,175021.3
1994-04,PRIJEM,PREVOD Z UCTU,DUCHOD,220,1216781.0
1994-04,PRIJEM,PREVOD Z UCTU,NONE,236,3725383.0
1994-04,PRIJEM,VKLAD,NONE,1034,14669999.0
1994-04,VYDAJ,PREVOD NA UCET,NONE,385,725964.0
1994-04,VYDAJ,PREVOD NA UCET,POJISTNE,119,161558.0
1994-04,VYDAJ,PREVOD NA UCET,SIPO,716,2931758.0
1994-04,VYDAJ,PREVOD NA UCET,UVER,40,158083.6
1994-04,VYDAJ,VYBER,NONE,1496,13561307.0
1994-04,VYDAJ,VYBER,SANKC. UROK,7,17.5
1994-04,VYDAJ,VYBER,SIPO,21,139300.0
1994-04,VYDAJ,VYBER,SLUZBY,1040,17848.2
1994-04,VYDAJ,VYBER KARTOU,NONE,3,8600.0
1994-05,PRIJEM,NOT_APPLICABLE,UROK,1301,185417.1
1994-05,PRIJEM,PREVOD Z UCTU,DUCHOD,224,1239811.0
1994-05,PRIJEM,PREVOD Z UCTU,NONE,246,3905223.0
1994-05,PRIJEM,VKLAD,NONE,1112,16276522.0
1994-05,VYDAJ,PREVOD NA UCET,NONE,424,807209.0
1994-05,VYDAJ,PREVOD NA UCET,POJISTNE,128,175151.0
1994-05,VYDAJ,PREVOD NA UCET,SIPO,777,3154261.0
1994-05,VYDAJ,PREVOD NA UCET,UVER,44,172414.1
1994-05,VYDAJ,VYBER,NONE,1659,15653575.0
1994-05,VYDAJ,VYBER,SANKC. UROK,4,4.300000000000001
1994-05,VYDAJ,VYBER,SIPO,21,142600.0
1994-05,VYDAJ,VYBER,SLUZBY,1117,19049.399999999998
1994-05,VYDAJ,VYBER KARTOU,NONE,2,2900.0
1994-06,PRIJEM,NOT_APPLICABLE,UROK,1352,191528.0
1994-06,PRIJEM,PREVOD Z UCTU,DUCHOD,229,1266696.0
1994-06,PRIJEM,PREVOD Z UCTU,NONE,256,5970061.0
1994-06,PRIJEM,VKLAD,NONE,1179,22091131.0
1994-06,VYDAJ,PREVOD NA UCET,NONE,442,836339.0
1994-06,VYDAJ,PREVOD NA UCET,POJISTNE,135,180944.0
1994-06,VYDAJ,PREVOD NA UCET,SIPO,812,3278099.0
1994-06,VYDAJ,PREVOD NA UCET,UVER,59,241543.6
1994-06,VYDAJ,VYBER,NONE,2263,25445058.0
1994-06,VYDAJ,VYBER,SANKC. UROK,14,34.5
1994-06,VYDAJ,VYBER,SIPO,24,144800.0
1994-06,VYDAJ,VYBER,SLUZBY,1148,19734.399999999998
1994-06,VYDAJ,VYBER KARTOU,NONE,3,10400.0
1994-07,PRIJEM,NOT_APPLICABLE,UROK,1383,190801.3
1994-07,PRIJEM,PREVOD Z UCTU,DUCHOD,235,1296637.0
1994-07,PRIJEM,PREVOD Z UCTU,NONE,261,4239457.0
1994-07,PRIJEM,VKLAD,NONE,1175,16565865.0
1994-07,VYDAJ,PREVOD NA UCET,NONE,451,864988.0
1994-07,VYDAJ,PREVOD NA UCET,POJISTNE,138,182346.0
1994-07,VYDAJ,PREVOD NA UCET,SIPO,831,3375901.0
1994-07,VYDAJ,PREVOD NA UCET,UVER,68,279889.3
1994-07,VYDAJ,VYBER,NONE,1642,15292033.0
1994-07,VYDAJ,VYBER,SANKC. UROK,10,61.7
1994-07,VYDAJ,VYBER,SIPO,24,153900.0
1994-07,VYDAJ,VYBER,SLUZBY,1174,20129.399999999998
1994-07,VYDAJ,VYBER KARTOU,NONE,6,12500.0
1994-08,PRIJEM,NOT_APPLICABLE,UROK,1415,201147.4
1994-08,PRIJEM,PREVOD Z UCTU,DUCHOD,240,1322517.0
1994-08,PRIJEM,PREVOD Z UCTU,NONE,263,4306121.0
1994-08,PRIJEM,VKLAD,NONE,1189,16999633.0
1994-08,VYDAJ,PREVOD NA UCET,NONE,464,878088.0
1994-08,VYDAJ,PREVOD NA UCET,POJISTNE,142,187568.0
1994-08,VYDAJ,PREVOD NA UCET,SIPO,856,3486045.0
1994-08,VYDAJ,PREVOD NA UCET,UVER,80,329464.5
1994-08,VYDAJ,VYBER,NONE,1702,15642401.0
1994-08,VYDAJ,VYBER,SANKC. UROK,7,63.0
1994-08,VYDAJ,VYBER,SIPO,29,183000.0
1994-08,VYDAJ,VYBER,SLUZBY,1210,20841.2
1994-08,VYDAJ,VYBER KARTOU,NONE,3,9200.0
1994-09,PRIJEM,NOT_APPLICABLE,UROK,1461,210789.9
1994-09,PRIJEM,PREVOD Z UCTU,DUCHOD,247,1363429.0
1994-09,PRIJEM,PREVOD Z UCTU,NONE,272,4423073.0
1994-09,PRIJEM,VKLAD,NONE,1211,18422666.0
1994-09,VYDAJ,PREVOD NA UCET,NONE,479,916842.0
1994-09,VYDAJ,PREVOD NA UCET,POJISTNE,143,185349.0
1994-09,VYDAJ,PREVOD NA UCET,SIPO,885,3585912.0
1994-09,VYDAJ,PREVOD NA UCET,UVER,89,372539.9
1994-09,VYDAJ,VYBER,NONE,1767,16812308.0
1994-09,VYDAJ,VYBER,SANKC. UROK,3,28.0
1994-09,VYDAJ,VYBER,SIPO,24,158500.0
1994-09,VYDAJ,VYBER,SLUZBY,1260,21702.8
1994-09,VYDAJ,VYBER KARTOU,NONE,3,6700.0
1994-10,PRIJEM,NOT_APPLICABLE,UROK,1500,218941.4
1994-10,PRIJEM,PREVOD Z UCTU,DUCHOD,260,1434898.0
1994-10,PRIJEM,PREVOD Z UCTU,NONE,276,4477202.0
1994-10,PRIJEM,VKLAD,NONE,1218,17663149.0
1994-10,VYDAJ,PREVOD NA UCET,NONE,504,989592.0
1994-10,VYDAJ,PREVOD NA UCET,POJISTNE,152,206669.0
1994-10,VYDAJ,PREVOD NA UCET,SIPO,916,3731993.0
1994-10,VYDAJ,PREVOD NA UCET,UVER,95,396716.6
1994-10,VYDAJ,VYBER,NONE,1925,17263805.0
1994-10,VYDAJ,VYBER,SANKC. UROK,4,22.0
1994-10,VYDAJ,VYBER,SIPO,31,196400.0
1994-10,VYDAJ,VYBER,SLUZBY,1306,22506.0
1994-10,VYDAJ,VYBER KARTOU,NONE,10,13600.0
1994-11,PRIJEM,NOT_APPLICABLE,UROK,1537,224773.7
1994-11,PRIJEM,PREVOD Z UCTU,DUCHOD,269,1488766.0
1994-11,PRIJEM,PREVOD Z UCTU,NONE,280,4574090.0
1994-11,PRIJEM,VKLAD,NONE,1231,18743471.0
1994-11,VYDAJ,PREVOD NA UCET,NONE,521,1005873.0
1994-11,VYDAJ,PREVOD NA UCET,POJISTNE,156,219417.0
1994-11,VYDAJ,PREVOD NA UCET,SIPO,945,3851596.0
1994-11,VYDAJ,PREVOD NA UCET,UVER,106,442762.5
1994-11,VYDAJ,VYBER,NONE,1854,16800195.0
1994-11,VYDAJ,VYBER,SANKC. UROK,8,28.2
1994-11,VYDAJ,VYBER,SIPO,30,209500.0
1994-11,VYDAJ,VYBER,SLUZBY,1335,22960.2
1994-11,VYDAJ,VYBER KARTOU,NONE,3,7800.0
1994-12,PRIJEM,NOT_APPLICABLE,UROK,1572,244308.0
1994-12,PRIJEM,PREVOD Z UCTU,DUCHOD,274,1511022.0
1994-12,PRIJEM,PREVOD Z UCTU,NONE,287,6944714.0
1994-12,PRIJEM,VKLAD,NONE,1254,23625379.5
1994-12,VYDAJ,PREVOD NA UCET,NONE,533,1041987.0
1994-12,VYDAJ,PREVOD NA UCET,POJISTNE,159,226067.0
1994-12,VYDAJ,PREVOD NA UCET,SIPO,967,3932441.0
1994-12,VYDAJ,PREVOD NA UCET,UVER,107,439267.9
1994-12,VYDAJ,VYBER,NONE,3229,23694570.0
1994-12,VYDAJ,VYBER,SANKC. UROK,6,45.800000000000004
1994-12,VYDAJ,VYBER,SIPO,28,176600.0
1994-12,VYDAJ,VYBER,SLUZBY,1359,23426.8
1994-12,VYDAJ,VYBER KARTOU,NONE,20,43800.0
1995-01,PRIJEM,NOT_APPLICABLE,UROK,1616,210325.5
1995-01,PRIJEM,PREVOD Z UCTU,DUCHOD,281,1551098.0
1995-01,PRIJEM,PREVOD Z UCTU,NONE,297,5003456.0
1995-01,PRIJEM,VKLAD,NONE,1509,20124572.0
1995-01,VYDAJ,PREVOD NA UCET,NONE,543,1055690.0
1995-01,VYDAJ,PREVOD NA UCET,POJISTNE,162,231420.0
1995-01,VYDAJ,PREVOD NA UCET,SIPO,985,3993593.0
1995-01,VYDAJ,PREVOD NA UCET,UVER,115,483990.4
1995-01,VYDAJ,VYBER,NONE,8417,33140679.0
1995-01,VYDAJ,VYBER,SANKC. UROK,30,180.4
1995-01,VYDAJ,VYBER,SIPO,31,216800.0
1995-01,VYDAJ,VYBER,SLUZBY,1406,24275.399999999998
1995-01,VYDAJ,VYBER KARTOU,NONE,101,209500.0
1995-02,PRIJEM,NOT_APPLICABLE,UROK,1672,207071.3
1995-02,PRIJEM,PREVOD Z UCTU,DUCHOD,290,1598459.0
1995-02,PRIJEM,PREVOD Z UCTU,NONE,310,5189977.0
1995-02,PRIJEM,VKLAD,NONE,1545,20110343.0
1995-02,VYDAJ,PREVOD NA UCET,NONE,562,1089517.0
1995-02,VYDAJ,PREVOD NA UCET,POJISTNE,170,237286.0
1995-02,VYDAJ,PREVOD NA UCET,SIPO,1021,4122236.0
1995-02,VYDAJ,PREVOD NA UCET,UVER,124,517408.4
1995-02,VYDAJ,VYBER,NONE,1485,11814792.0
1995-02,VYDAJ,VYBER,SANKC. UROK,20,153.8
1995-02,VYDAJ,VYBER,SIPO,27,200200.0
1995-02,VYDAJ,VYBER,SLUZBY,1450,24933.2
1995-02,VYDAJ,VYBER KARTOU,NONE,6,13700.0
1995-03,PRIJEM,NOT_APPLICABLE,UROK,1720,238618.8
1995-03,PRIJEM,PREVOD Z UCTU,DUCHOD,298,1642648.0
1995-03,PRIJEM,PREVOD Z UCTU,NONE,321,5429861.0
1995-03,PRIJEM,VKLAD,NONE,1518,21997088.0
1995-03,VYDAJ,PREVOD NA UCET,NONE,578,1112971.0
1995-03,VYDAJ,PREVOD NA UCET,POJISTNE,175,238946.0
1995-03,VYDAJ,PREVOD NA UCET,SIPO,1055,4284077.0
1995-03,VYDAJ,PREVOD NA UCET,UVER,127,534218.9
1995-03,VYDAJ,VYBER,NONE,1969,18378711.0
1995-03,VYDAJ,VYBER,SANKC. UROK,8,57.4
1995-03,VYDAJ,VYBER,SIPO,31,193700.0
1995-03,VYDAJ,VYBER,SLUZBY,1489,25634.2
1995-03,VYDAJ,VYBER KARTOU,NONE,15,36900.0
1995-04,PRIJEM,NOT_APPLICABLE,UROK,1775,254370.6
1995-04,PRIJEM,PREVOD Z UCTU,DUCHOD,306,1683371.0
1995-04,PRIJEM,PREVOD Z UCTU,NONE,333,5665246.0
1995-04,PRIJEM,VKLAD,NONE,1471,21316674.0
1995-04,VYDAJ,PREVOD NA UCET,NONE,588,1131370.0
1995-04,VYDAJ,PREVOD NA UCET,POJISTNE,179,246410.0
1995-04,VYDAJ,PREVOD NA UCET,SIPO,1075,4357703.0
1995-04,VYDAJ,PREVOD NA UCET,UVER,141,579214.6
1995-04,VYDAJ,VYBER,NONE,2077,19348148.0
1995-04,VYDAJ,VYBER,SANKC. UROK,6,59.599999999999994
1995-04,VYDAJ,VYBER,SIPO,32,212400.0
1995-04,VYDAJ,VYBER,SLUZBY,1525,26376.8
1995-04,VYDAJ,VYBER KARTOU,NONE,11,22800.0
1995-05,PRIJEM,NOT_APPLICABLE,UROK,1823,267335.3
1995-05,PRIJEM,PREVOD Z UCTU,DUCHOD,313,1719924.0
1995-05,PRIJEM,PREVOD Z UCTU,NONE,343,5852520.0
1995-05,PRIJEM,VKLAD,NONE,1548,23490563.0
1995-05,VYDAJ,PREVOD NA UCET,NONE,600,1160714.0
1995-05,VYDAJ,PREVOD NA UCET,POJISTNE,179,236103.0
1995-05,VYDAJ,PREVOD NA UCET,SIPO,1103,4469341.0
1995-05,VYDAJ,PREVOD NA UCET,UVER,145,601678.1
1995-05,VYDAJ,VYBER,NONE,2272,21852193.0
1995-05,VYDAJ,VYBER,SANKC. UROK,7,88.4
1995-05,VYDAJ,VYBER,SIPO,32,215900.0
1995-05,VYDAJ,VYBER,SLUZBY,1564,27209.399999999998
1995-05,VYDAJ,VYBER KARTOU,NONE,9,21400.0
1995-06,PRIJEM,NOT_APPLICABLE,UROK,1876,274359.3
1995-06,PRIJEM,PREVOD Z UCTU,DUCHOD,320,1757955.0
1995-06,PRIJEM,PREVOD Z UCTU,NONE,356,8815143.0
1995-06,PRIJEM,VKLAD,NONE,1609,28972403.5
1995-06,VYDAJ,PREVOD NA UCET,NONE,621,1198472.0
1995-06,VYDAJ,PREVOD NA UCET,POJISTNE,185,241065.0
1995-06,VYDAJ,PREVOD NA UCET,SIPO,1146,4634336.0
1995-06,VYDAJ,PREVOD NA UCET,UVER,145,575784.3
1995-06,VYDAJ,VYBER,NONE,2992,34851258.0
1995-06,VYDAJ,VYBER,SANKC. UROK,9,35.8
1995-06,VYDAJ,VYBER,SIPO,31,224800.0
1995-06,VYDAJ,VYBER,SLUZBY,1625,28216.2
1995-06,VYDAJ,VYBER KARTOU,NONE,15,38800.0
1995-07,PRIJEM,NOT_APPLICABLE,UROK,1927,273223.3
1995-07,PRIJEM,PREVOD Z UCTU,DUCHOD,331,1820138.0
1995-07,PRIJEM,PREVOD Z UCTU,NONE,363,6166942.0
1995-07,PRIJEM,VKLAD,NONE,1665,23662261.0
1995-07,VYDAJ,PREVOD NA UCET,NONE,649,1249460.0
1995-07,VYDAJ,PREVOD NA UCET,POJISTNE,193,254166.0
1995-07,VYDAJ,PREVOD NA UCET,SIPO,1185,4788441.0
1995-07,VYDAJ,PREVOD NA UCET,UVER,154,638337.0
1995-07,VYDAJ,VYBER,NONE,2238,20807524.0
1995-07,VYDAJ,VYBER,SANKC. UROK,6,70.8
1995-07,VYDAJ,VYBER,SIPO,34,240000.0
1995-07,VYDAJ,VYBER,SLUZBY,1673,28932.399999999998
1995-07,VYDAJ,VYBER KARTOU,NONE,13,30300.0
1995-08,PRIJEM,NOT_APPLICABLE,UROK,1977,288068.0
1995-08,PRIJEM,PREVOD Z UCTU,DUCHOD,336,1850578.0
1995-08,PRIJEM,PREVOD Z UCTU,NONE,372,6275969.0
1995-08,PRIJEM,VKLAD,NONE,1672,24152160.0
1995-08,VYDAJ,PREVOD NA UCET,NONE,664,1273532.0
1995-08,VYDAJ,PREVOD NA UCET,POJISTNE,204,274287.0
1995-08,VYDAJ,PREVOD NA UCET,SIPO,1224,4953518.0
1995-08,VYDAJ,PREVOD NA UCET,UVER,156,642680.5
1995-08,VYDAJ,VYBER,NONE,2387,21922085.0
1995-08,VYDAJ,VYBER,SANKC. UROK,4,44.3
1995-08,VYDAJ,VYBER,SIPO,35,230000.0
1995-08,VYDAJ,VYBER,SLUZBY,1722,29694.0
1995-08,VYDAJ,VYBER KARTOU,NONE,13,21500.0
1995-09,PRIJEM,NOT_APPLICABLE,UROK,2034,300873.3
1995-09,PRIJEM,PREVOD Z UCTU,DUCHOD,345,1898677.0
1995-09,PRIJEM,PREVOD Z UCTU,NONE,383,6452067.0
1995-09,PRIJEM,VKLAD,NONE,1671,24419491.0
1995-09,VYDAJ,PREVOD NA UCET,NONE,680,1295484.0
1995-09,VYDAJ,PREVOD NA UCET,POJISTNE,207,281606.0
1995-09,VYDAJ,PREVOD NA UCET,SIPO,1255,5067351.0
1995-09,VYDAJ,PREVOD NA UCET,UVER,158,639491.3
1995-09,VYDAJ,VYBER,NONE,2452,22388507.0
1995-09,VYDAJ,VYBER,SANKC. UROK,7,63.199999999999996
1995-09,VYDAJ,VYBER,SIPO,33,237500.0
1995-09,VYDAJ,VYBER,SLUZBY,1771,30828.0
1995-09,VYDAJ,VYBER KARTOU,NONE,17,39100.0
1995-10,PRIJEM,NOT_APPLICABLE,UROK,2094,312868.1
1995-10,PRIJEM,PREVOD Z UCTU,DUCHOD,351,1933738.0
1995-10,PRIJEM,PREVOD Z UCTU,NONE,391,6487305.0
1995-10,PRIJEM,VKLAD,NONE,1759,25788482.0
1995-10,VYDAJ,PREVOD NA UCET,NONE,698,1320458.0
1995-10,VYDAJ,PREVOD NA UCET,POJISTNE,213,284490.0
1995-10,VYDAJ,PREVOD NA UCET,SIPO,1298,5284547.0
1995-10,VYDAJ,PREVOD NA UCET,UVER,154,615007.6
1995-10,VYDAJ,VYBER,NONE,2584,24217779.0
1995-10,VYDAJ,VYBER,SANKC. UROK,7,95.7
1995-10,VYDAJ,VYBER,SIPO,35,256400.0
1995-10,VYDAJ,VYBER,SLUZBY,1821,31635.0
1995-10,VYDAJ,VYBER KARTOU,NONE,26,61000.0
1995-11,PRIJEM,NOT_APPLICABLE,UROK,2163,323580.7
1995-11,PRIJEM,PREVOD Z UCTU,DUCHOD,362,1995624.0
1995-11,PRIJEM,PREVOD Z UCTU,NONE,399,6619336.0
1995-11,PRIJEM,VKLAD,NONE,1775,25759809.0
1995-11,VYDAJ,PREVOD NA UCET,NONE,718,1360188.0
1995-11,VYDAJ,PREVOD NA UCET,POJISTNE,225,298221.0
1995-11,VYDAJ,PREVOD NA UCET,SIPO,1337,5437266.0
1995-11,VYDAJ,PREVOD NA UCET,UVER,158,626565.2
1995-11,VYDAJ,VYBER,NONE,2658,24651595.0
1995-11,VYDAJ,VYBER,SANKC. UROK,10,144.6
1995-11,VYDAJ,VYBER,SIPO,41,281300.0
1995-11,VYDAJ,VYBER,SLUZBY,1868,32452.8
1995-11,VYDAJ,VYBER KARTOU,NONE,27,61200.0
1995-12,PRIJEM,NOT_APPLICABLE,UROK,2226,347314.4
1995-12,PRIJEM,PREVOD Z UCTU,DUCHOD,370,2042407.0
1995-12,PRIJEM,PREVOD Z UCTU,NONE,414,9790180.0
1995-12,PRIJEM,VKLAD,NONE,1803,33732771.0
1995-12,VYDAJ,PREVOD NA UCET,NONE,734,1386571.0
1995-12,VYDAJ,PREVOD NA UCET,POJISTNE,233,314762.0
1995-12,VYDAJ,PREVOD NA UCET,SIPO,1375,5574697.0
1995-12,VYDAJ,PREVOD NA UCET,UVER,167,650653.1
1995-12,VYDAJ,VYBER,NONE,4416,32620371.0
1995-12,VYDAJ,VYBER,SANKC. UROK,16,126.8
1995-12,VYDAJ,VYBER,SIPO,34,257500.0
1995-12,VYDAJ,VYBER,SLUZBY,1920,33444.4
1995-12,VYDAJ,VYBER KARTOU,NONE,66,156800.0
1996-01,PRIJEM,NOT_APPLICABLE,UROK,2306,305907.7
1996-01,PRIJEM,PREVOD Z UCTU,DUCHOD,384,2115491.0
1996-01,PRIJEM,PREVOD Z UCTU,NONE,425,6866771.0
1996-01,PRIJEM,VKLAD,NONE,2155,29399428.0
1996-01,VYDAJ,PREVOD NA UCET,NONE,754,1426630.0
1996-01,VYDAJ,PREVOD NA UCET,POJISTNE,239,318704.0
1996-01,VYDAJ,PREVOD NA UCET,SIPO,1410,5734753.0
1996-01,VYDAJ,PREVOD NA UCET,UVER,171,672964.6
1996-01,VYDAJ,VYBER,NONE,11157,45713174.0
1996-01,VYDAJ,VYBER,SANKC. UROK,35,181.4
1996-01,VYDAJ,VYBER,SIPO,40,339100.0
1996-01,VYDAJ,VYBER,SLUZBY,1980,34211.2
1996-01,VYDAJ,VYBER KARTOU,NONE,349,695000.0
1996-02,PRIJEM,NOT_APPLICABLE,UROK,2398,303285.7
1996-02,PRIJEM,PREVOD Z UCTU,DUCHOD,394,2170699.0
1996-02,PRIJEM,PREVOD Z UCTU,NONE,442,7248307.0
1996-02,PRIJEM,VKLAD,NONE,2300,30393318.0
1996-02,VYDAJ,PREVOD NA UCET,NONE,774,1476941.0
1996-02,VYDAJ,PREVOD NA UCET,POJISTNE,243,321074.0
1996-02,VYDAJ,PREVOD NA UCET,SIPO,1460,5949532.0
1996-02,VYDAJ,PREVOD NA UCET,UVER,174,690354.3
1996-02,VYDAJ,VYBER,NONE,2191,18657139.0
1996-02,VYDAJ,VYBER,SANKC. UROK,19,189.0
1996-02,VYDAJ,VYBER,SIPO,42,326400.0
1996-02,VYDAJ,VYBER,SLUZBY,2030,35112.0
1996-02,VYDAJ,VYBER KARTOU,NONE,40,97300.0
1996-03,PRIJEM,NOT_APPLICABLE,UROK,2490,347096.3
1996-03,PRIJEM,PREVOD Z UCTU,DUCHOD,408,2245330.0
1996-03,PRIJEM,PREVOD Z UCTU,NONE,467,7682770.0
1996-03,PRIJEM,VKLAD,NONE,2253,31642404.0
1996-03,VYDAJ,PREVOD NA UCET,NONE,796,1512634.0
1996-03,VYDAJ,PREVOD NA UCET,POJISTNE,249,324144.0
1996-03,VYDAJ,PREVOD NA UCET,SIPO,1494,6092481.0
1996-03,VYDAJ,PREVOD NA UCET,UVER,181,719277.8
1996-03,VYDAJ,VYBER,NONE,2796,25974376.0
1996-03,VYDAJ,VYBER,SANKC. UROK,7,24.0
1996-03,VYDAJ,VYBER,SIPO,40,321400.0
1996-03,VYDAJ,VYBER,SLUZBY,2093,36163.4
1996-03,VYDAJ,VYBER KARTOU,NONE,23,64000.0
1996-04,PRIJEM,NOT_APPLICABLE,UROK,2613,375760.1
1996-04,PRIJEM,PREVOD Z UCTU,DUCHOD,417,2295388.0
1996-04,PRIJEM,PREVOD Z UCTU,NONE,495,8202831.0
1996-04,PRIJEM,VKLAD,NONE,2264,31942883.0
1996-04,VYDAJ,PREVOD NA UCET,NONE,813,1553066.0
1996-04,VYDAJ,PREVOD NA UCET,POJISTNE,252,324774.0
1996-04,VYDAJ,PREVOD NA UCET,SIPO,1544,6311759.0
1996-04,VYDAJ,PREVOD NA UCET,UVER,182,738033.0
1996-04,VYDAJ,VYBER,NONE,2922,26962814.0
1996-04,VYDAJ,VYBER,SANKC. UROK,11,123.6
1996-04,VYDAJ,VYBER,SIPO,42,337400.0
1996-04,VYDAJ,VYBER,SLUZBY,2157,37144.0
1996-04,VYDAJ,VYBER KARTOU,NONE,42,94100.0
1996-05,PRIJEM,NOT_APPLICABLE,UROK,2701,397733.1
1996-05,PRIJEM,PREVOD Z UCTU,DUCHOD,439,2423589.0
1996-05,PRIJEM,PREVOD Z UCTU,NONE,512,8463351.0
1996-05,PRIJEM,VKLAD,NONE,2274,33478933.0
1996-05,VYDAJ,PREVOD NA UCET,NONE,837,1631963.0
1996-05,VYDAJ,PREVOD NA UCET,POJISTNE,253,315748.0
1996-05,VYDAJ,PREVOD NA UCET,SIPO,1587,6450870.0
1996-05,VYDAJ,PREVOD NA UCET,UVER,186,748371.8
1996-05,VYDAJ,VYBER,NONE,3205,30640988.0
1996-05,VYDAJ,VYBER,SANKC. UROK,7,76.5
1996-05,VYDAJ,VYBER,SIPO,42,329500.0
1996-05,VYDAJ,VYBER,SLUZBY,2232,38386.0
1996-05,VYDAJ,VYBER KARTOU,NONE,33,78600.0
1996-06,PRIJEM,NOT_APPLICABLE,UROK,2792,408967.2
1996-06,PRIJEM,PREVOD Z UCTU,DUCHOD,452,2497839.0
1996-06,PRIJEM,PREVOD Z UCTU,NONE,535,12559846.0
1996-06,PRIJEM,VKLAD,NONE,2377,42412468.5
1996-06,VYDAJ,PREVOD NA UCET,NONE,861,1690416.0
1996-06,VYDAJ,PREVOD NA UCET,POJISTNE,261,328235.0
1996-06,VYDAJ,PREVOD NA UCET,SIPO,1651,6760934.0
1996-06,VYDAJ,PREVOD NA UCET,UVER,187,755671.8
1996-06,VYDAJ,VYBER,NONE,4339,50815186.0
1996-06,VYDAJ,VYBER,SANKC. UROK,23,213.7
1996-06,VYDAJ,VYBER,SIPO,45,349800.0
1996-06,VYDAJ,VYBER,SLUZBY,2324,40147.799999999996
1996-06,VYDAJ,VYBER KARTOU,NONE,38,89800.0
1996-07,PRIJEM,NOT_APPLICABLE,UROK,2919,412714.9
1996-07,PRIJEM,PREVOD Z UCTU,DUCHOD,470,2597653.0
1996-07,PRIJEM,PREVOD Z UCTU,NONE,556,9014834.0
1996-07,PRIJEM,VKLAD,NONE,2666,37441429.0
1996-07,VYDAJ,PREVOD NA UCET,NONE,902,1764441.0
1996-07,VYDAJ,PREVOD NA UCET,POJISTNE,269,335252.0
1996-07,VYDAJ,PREVOD NA UCET,SIPO,1711,7003983.0
1996-07,VYDAJ,PREVOD NA UCET,UVER,185,740583.8
1996-07,VYDAJ,VYBER,NONE,3291,30937563.0
1996-07,VYDAJ,VYBER,SANKC. UROK,17,145.3
1996-07,VYDAJ,VYBER,SIPO,46,370900.0
1996-07,VYDAJ,VYBER,SLUZBY,2430,42028.6
1996-07,VYDAJ,VYBER KARTOU,NONE,38,92200.0
1996-08,PRIJEM,NOT_APPLICABLE,UROK,3024,441721.9
1996-08,PRIJEM,PREVOD Z UCTU,DUCHOD,487,2696365.0
1996-08,PRIJEM,PREVOD Z UCTU,NONE,577,9298496.0
1996-08,PRIJEM,VKLAD,NONE,2678,38365640.0
1996-08,VYDAJ,PREVOD NA UCET,NONE,953,1887935.0
1996-08,VYDAJ,PREVOD NA UCET,POJISTNE,280,373854.0
1996-08,VYDAJ,PREVOD NA UCET,SIPO,1807,7423548.0
1996-08,VYDAJ,PREVOD NA UCET,UVER,205,823369.0
1996-08,VYDAJ,VYBER,NONE,3634,34446028.0
1996-08,VYDAJ,VYBER,SANKC. UROK,8,121.4
1996-08,VYDAJ,VYBER,SIPO,48,387000.0
1996-08,VYDAJ,VYBER,SLUZBY,2551,44275.4
1996-08,VYDAJ,VYBER KARTOU,NONE,47,104500.0
1996-09,PRIJEM,NOT_APPLICABLE,UROK,3160,462907.7
1996-09,PRIJEM,PREVOD Z UCTU,DUCHOD,508,2813469.0
1996-09,PRIJEM,PREVOD Z UCTU,NONE,598,9647399.0
1996-09,PRIJEM,VKLAD,NONE,2762,40589855.0
1996-09,VYDAJ,PREVOD NA UCET,NONE,1003,2006799.0
1996-09,VYDAJ,PREVOD NA UCET,POJISTNE,297,388651.0
1996-09,VYDAJ,PREVOD NA UCET,SIPO,1891,7756845.0
1996-09,VYDAJ,PREVOD NA UCET,UVER,208,837918.4
1996-09,VYDAJ,VYBER,NONE,3689,35776763.0
1996-09,VYDAJ,VYBER,POJISTNE,1,900.0
1996-09,VYDAJ,VYBER,SANKC. UROK,17,222.1
1996-09,VYDAJ,VYBER,SIPO,47,373000.0
1996-09,VYDAJ,VYBER,SLUZBY,2646,45724.0
1996-09,VYDAJ,VYBER KARTOU,NONE,56,140300.0
1996-10,PRIJEM,NOT_APPLICABLE,UROK,3263,487959.5
1996-10,PRIJEM,PREVOD Z UCTU,DUCHOD,537,2977872.0
1996-10,PRIJEM,PREVOD Z UCTU,NONE,617,9885540.0
1996-10,PRIJEM,VKLAD,NONE,2812,42286885.0
1996-10,VYDAJ,PREVOD NA UCET,NONE,1041,2062762.0
1996-10,VYDAJ,PREVOD NA UCET,POJISTNE,313,404201.0
1996-10,VYDAJ,PREVOD NA UCET,SIPO,1960,7987021.0
1996-10,VYDAJ,PREVOD NA UCET,UVER,217,855451.1
1996-10,VYDAJ,VYBER,NONE,3932,38305947.0
1996-10,VYDAJ,VYBER,POJISTNE,1,800.0
1996-10,VYDAJ,VYBER,SANKC. UROK,9,59.5
1996-10,VYDAJ,VYBER,SIPO,54,433700.0
1996-10,VYDAJ,VYBER,SLUZBY,2735,47255.799999999996
1996-10,VYDAJ,VYBER KARTOU,NONE,47,106200.0
1996-11,PRIJEM,NOT_APPLICABLE,UROK,3377,511684.2
1996-11,PRIJEM,PREVOD Z UCTU,DUCHOD,559,3096693.0
1996-11,PRIJEM,PREVOD Z UCTU,NONE,641,10398229.0
1996-11,PRIJEM,VKLAD,NONE,2814,42395903.0
1996-11,VYDAJ,PREVOD NA UCET,NONE,1081,2118350.0
1996-11,VYDAJ,PREVOD NA UCET,POJISTNE,318,409923.0
1996-11,VYDAJ,PREVOD NA UCET,SIPO,2029,8300905.0
1996-11,VYDAJ,PREVOD NA UCET,UVER,230,925490.5
1996-11,VYDAJ,VYBER,NONE,3937,39279859.0
1996-11,VYDAJ,VYBER,POJISTNE,1,1100.0
1996-11,VYDAJ,VYBER,SANKC. UROK,16,269.2
1996-11,VYDAJ,VYBER,SIPO,47,385000.0
1996-11,VYDAJ,VYBER,SLUZBY,2849,49222.6
1996-11,VYDAJ,VYBER KARTOU,NONE,44,89700.0
1996-12,PRIJEM,NOT_APPLICABLE,UROK,3505,554671.9
1996-12,PRIJEM,PREVOD Z UCTU,DUCHOD,576,3185073.0
1996-12,PRIJEM,PREVOD Z UCTU,NONE,664,15632064.0
1996-12,PRIJEM,VKLAD,NONE,2901,55395523.0
1996-12,VYDAJ,PREVOD NA UCET,NONE,1121,2184267.0
1996-12,VYDAJ,PREVOD NA UCET,POJISTNE,336,431293.0
1996-12,VYDAJ,PREVOD NA UCET,SIPO,2117,8715750.0
1996-12,VYDAJ,PREVOD NA UCET,UVER,237,975598.1
1996-12,VYDAJ,VYBER,NONE,6793,53038204.0
1996-12,VYDAJ,VYBER,POJISTNE,1,1100.0
1996-12,VYDAJ,VYBER,SANKC. UROK,19,195.9
1996-12,VYDAJ,VYBER,SIPO,57,480300.0
1996-12,VYDAJ,VYBER,SLUZBY,2964,51134.0
1996-12,VYDAJ,VYBER KARTOU,NONE,169,377200.0
1997-01,PRIJEM,NOT_APPLICABLE,UROK,3605,493694.0
1997-01,PRIJEM,PREVOD Z UCTU,DUCHOD,597,3304646.0
1997-01,PRIJEM,PREVOD Z UCTU,NONE,689,11200674.0
1997-01,PRIJEM,VKLAD,NONE,3329,47242028.0
1997-01,VYDAJ,PREVOD NA UCET,NONE,1166,2273884.0
1997-01,VYDAJ,PREVOD NA UCET,POJISTNE,347,443440.0
1997-01,VYDAJ,PREVOD NA UCET,SIPO,2206,9081528.0
1997-01,VYDAJ,PREVOD NA UCET,UVER,239,985227.6
1997-01,VYDAJ,VYBER,NONE,16866,72033481.0
1997-01,VYDAJ,VYBER,POJISTNE,1,900.0
1997-01,VYDAJ,VYBER,SANKC. UROK,68,429.7
1997-01,VYDAJ,VYBER,SIPO,62,490500.0
1997-01,VYDAJ,VYBER,SLUZBY,3081,53175.4
1997-01,VYDAJ,VYBER KARTOU,NONE,804,1704600.0
1997-02,PRIJEM,NOT_APPLICABLE,UROK,3699,488054.7
1997-02,PRIJEM,PREVOD Z UCTU,DUCHOD,605,3347171.0
1997-02,PRIJEM,PREVOD Z UCTU,NONE,704,11523161.0
1997-02,PRIJEM,VKLAD,NONE,3317,45937905.0
1997-02,VYDAJ,PREVOD NA UCET,NONE,1212,2364456.0
1997-02,VYDAJ,PREVOD NA UCET,POJISTNE,362,454875.0
1997-02,VYDAJ,PREVOD NA UCET,SIPO,2298,9461644.0
1997-02,VYDAJ,PREVOD NA UCET,UVER,252,1042264.3
1997-02,VYDAJ,VYBER,NONE,3381,29842786.0
1997-02,VYDAJ,VYBER,POJISTNE,1,1100.0
1997-02,VYDAJ,VYBER,SANKC. UROK,51,545.4
1997-02,VYDAJ,VYBER,SIPO,55,473700.0
1997-02,VYDAJ,VYBER,SLUZBY,3195,55087.6
1997-02,VYDAJ,VYBER KARTOU,NONE,70,174900.0
1997-03,PRIJEM,NOT_APPLICABLE,UROK,3770,548869.9
1997-03,PRIJEM,PREVOD Z UCTU,DUCHOD,619,3422505.0
1997-03,PRIJEM,PREVOD Z UCTU,NONE,717,11682534.0
1997-03,PRIJEM,VKLAD,NONE,3299,49111650.0
1997-03,VYDAJ,PREVOD NA UCET,NONE,1256,2471846.0
1997-03,VYDAJ,PREVOD NA UCET,POJISTNE,373,473829.0
1997-03,VYDAJ,PREVOD NA UCET,SIPO,2388,9808393.0
1997-03,VYDAJ,PREVOD NA UCET,UVER,258,1050051.8
1997-03,VYDAJ,VYBER,NONE,4353,41544718.0
1997-03,VYDAJ,VYBER,POJISTNE,1,900.0
1997-03,VYDAJ,VYBER,SANKC. UROK,25,569.1
1997-03,VYDAJ,VYBER,SIPO,58,487800.0
1997-03,VYDAJ,VYBER,SLUZBY,3304,57113.0
1997-03,VYDAJ,VYBER KARTOU,NONE,70,168400.0
1997-04,PRIJEM,NOT_APPLICABLE,UROK,3862,585079.3
1997-04,PRIJEM,PREVOD Z UCTU,DUCHOD,630,3479207.0
1997-04,PRIJEM,PREVOD Z UCTU,NONE,731,11914206.0
1997-04,PRIJEM,VKLAD,NONE,3250,49214798.0
1997-04,VYDAJ,PREVOD NA UCET,NONE,1299,2530233.0
1997-04,VYDAJ,PREVOD NA UCET,POJISTNE,388,500461.0
1997-04,VYDAJ,PREVOD NA UCET,SIPO,2466,10160420.0
1997-04,VYDAJ,PREVOD NA UCET,UVER,269,1092662.0
1997-04,VYDAJ,VYBER,NONE,4461,43208914.0
1997-04,VYDAJ,VYBER,POJISTNE,1,1200.0
1997-04,VYDAJ,VYBER,SANKC. UROK,20,361.3
1997-04,VYDAJ,VYBER,SIPO,60,499800.0
1997-04,VYDAJ,VYBER,SLUZBY,3416,58864.4
1997-04,VYDAJ,VYBER KARTOU,NONE,69,173600.0
1997-05,PRIJEM,NOT_APPLICABLE,UROK,3951,606301.8
1997-05,PRIJEM,PREVOD Z UCTU,DUCHOD,644,3553654.0
1997-05,PRIJEM,PREVOD Z UCTU,NONE,748,12172849.0
1997-05,PRIJEM,VKLAD,NONE,3285,50362204.0
1997-05,VYDAJ,PREVOD NA UCET,NONE,1338,2599867.0
1997-05,VYDAJ,PREVOD NA UCET,POJISTNE,399,513047.0
1997-05,VYDAJ,PREVOD NA UCET,SIPO,2540,10429993.0
1997-05,VYDAJ,PREVOD NA UCET,UVER,281,1136582.9
1997-05,VYDAJ,VYBER,NONE,4832,48536552.0
1997-05,VYDAJ,VYBER,POJISTNE,1,1000.0
1997-05,VYDAJ,VYBER,SANKC. UROK,23,379.9
1997-05,VYDAJ,VYBER,SIPO,61,486900.0
1997-05,VYDAJ,VYBER,SLUZBY,3515,60612.2
1997-05,VYDAJ,VYBER KARTOU,NONE,68,173600.0
1997-06,PRIJEM,NOT_APPLICABLE,UROK,4034,608501.0
1997-06,PRIJEM,PREVOD Z UCTU,DUCHOD,656,3618372.0
1997-06,PRIJEM,PREVOD Z UCTU,NONE,768,18000064.0
1997-06,PRIJEM,VKLAD,NONE,3509,64902515.0
1997-06,VYDAJ,PREVOD NA UCET,NONE,1369,2645569.0
1997-06,VYDAJ,PREVOD NA UCET,POJISTNE,407,516667.0
1997-06,VYDAJ,PREVOD NA UCET,SIPO,2603,10695035.0
1997-06,VYDAJ,PREVOD NA UCET,UVER,296,1213645.2
1997-06,VYDAJ,VYBER,NONE,6405,77546551.0
1997-06,VYDAJ,VYBER,POJISTNE,1,1200.0
1997-06,VYDAJ,VYBER,SANKC. UROK,34,378.6
1997-06,VYDAJ,VYBER,SIPO,59,473900.0
1997-06,VYDAJ,VYBER,SLUZBY,3591,61915.0
1997-06,VYDAJ,VYBER KARTOU,NONE,100,248700.0
1997-07,PRIJEM,NOT_APPLICABLE,UROK,4118,607116.7
1997-07,PRIJEM,PREVOD Z UCTU,DUCHOD,670,3696432.0
1997-07,PRIJEM,PREVOD Z UCTU,NONE,786,12791470.0
1997-07,PRIJEM,VKLAD,NONE,3608,53680741.0
1997-07,VYDAJ,PREVOD NA UCET,NONE,1392,2683573.0
1997-07,VYDAJ,PREVOD NA UCET,POJISTNE,421,543701.0
1997-07,VYDAJ,PREVOD NA UCET,SIPO,2657,10979053.0
1997-07,VYDAJ,PREVOD NA UCET,UVER,308,1256396.8
1997-07,VYDAJ,VYBER,NONE,4667,45428644.0
1997-07,VYDAJ,VYBER,SANKC. UROK,33,489.0
1997-07,VYDAJ,VYBER,SIPO,63,519800.0
1997-07,VYDAJ,VYBER,SLUZBY,3662,63168.6
1997-07,VYDAJ,VYBER KARTOU,NONE,96,211900.0
1997-08,PRIJEM,NOT_APPLICABLE,UROK,4184,638978.3
1997-08,PRIJEM,PREVOD Z UCTU,DUCHOD,679,3744786.0
1997-08,PRIJEM,PREVOD Z UCTU,NONE,805,13143123.0
1997-08,PRIJEM,VKLAD,NONE,3568,53260742.0
1997-08,VYDAJ,PREVOD NA UCET,NONE,1422,2749288.0
1997-08,VYDAJ,PREVOD NA UCET,POJISTNE,428,555279.0
1997-08,VYDAJ,PREVOD NA UCET,SIPO,2711,11224707.0
1997-08,VYDAJ,PREVOD NA UCET,UVER,315,1301057.2
1997-08,VYDAJ,VYBER,NONE,4940,48115772.0
1997-08,VYDAJ,VYBER,POJISTNE,1,900.0
1997-08,VYDAJ,VYBER,SANKC. UROK,22,500.09999999999997
1997-08,VYDAJ,VYBER,SIPO,59,484400.0
1997-08,VYDAJ,VYBER,SLUZBY,3728,64325.4
1997-08,VYDAJ,VYBER KARTOU,NONE,117,281400.0
1997-09,PRIJEM,NOT_APPLICABLE,UROK,4285,663157.4
1997-09,PRIJEM,PREVOD Z UCTU,DUCHOD,692,3817037.0
1997-09,PRIJEM,PREVOD Z UCTU,NONE,821,13348492.0
1997-09,PRIJEM,VKLAD,NONE,3585,55240955.0
1997-09,VYDAJ,PREVOD NA UCET,NONE,1444,2793478.0
1997-09,VYDAJ,PREVOD NA UCET,POJISTNE,440,578456.0
1997-09,VYDAJ,PREVOD NA UCET,SIPO,2774,11549009.0
1997-09,VYDAJ,PREVOD NA UCET,UVER,336,1390147.4
1997-09,VYDAJ,VYBER,NONE,4929,50158347.0
1997-09,VYDAJ,VYBER,POJISTNE,1,1000.0
1997-09,VYDAJ,VYBER,SANKC. UROK,34,776.6
1997-09,VYDAJ,VYBER,SIPO,63,575300.0
1997-09,VYDAJ,VYBER,SLUZBY,3811,65598.8
1997-09,VYDAJ,VYBER KARTOU,NONE,109,264500.0
1997-10,PRIJEM,NOT_APPLICABLE,UROK,4358,682667.3
1997-10,PRIJEM,PREVOD Z UCTU,DUCHOD,709,3909904.0
1997-10,PRIJEM,PREVOD Z UCTU,NONE,831,13564440.0
1997-10,PRIJEM,VKLAD,NONE,3642,55874007.0
1997-10,VYDAJ,PREVOD NA UCET,NONE,1482,2862728.0
1997-10,VYDAJ,PREVOD NA UCET,POJISTNE,446,582685.0
1997-10,VYDAJ,PREVOD NA UCET,SIPO,2828,11787351.0
1997-10,VYDAJ,PREVOD NA UCET,UVER,347,1439712.7
1997-10,VYDAJ,VYBER,NONE,5264,52365671.0
1997-10,VYDAJ,VYBER,POJISTNE,1,1100.0
1997-10,VYDAJ,VYBER,SANKC. UROK,26,578.1
1997-10,VYDAJ,VYBER,SIPO,60,479800.0
1997-10,VYDAJ,VYBER,SLUZBY,3871,66606.4
1997-10,VYDAJ,VYBER KARTOU,NONE,130,316900.0
1997-11,PRIJEM,NOT_APPLICABLE,UROK,4430,704840.2
1997-11,PRIJEM,PREVOD Z UCTU,DUCHOD,723,3989472.0
1997-11,PRIJEM,PREVOD Z UCTU,NONE,846,13797021.0
1997-11,PRIJEM,VKLAD,NONE,3604,55313121.0
1997-11,VYDAJ,PREVOD NA UCET,NONE,1510,2904615.0
1997-11,VYDAJ,PREVOD NA UCET,POJISTNE,454,595706.0
1997-11,VYDAJ,PREVOD NA UCET,SIPO,2883,12006587.0
1997-11,VYDAJ,PREVOD NA UCET,UVER,350,1446039.5
1997-11,VYDAJ,VYBER,NONE,5194,51038460.0
1997-11,VYDAJ,VYBER,POJISTNE,1,1100.0
1997-11,VYDAJ,VYBER,SANKC. UROK,32,854.0
1997-11,VYDAJ,VYBER,SIPO,64,532500.0
1997-11,VYDAJ,VYBER,SLUZBY,3949,67907.6
1997-11,VYDAJ,VYBER KARTOU,NONE,128,297300.0
1997-12,PRIJEM,NOT_APPLICABLE,UROK,4492,745637.1
1997-12,PRIJEM,PREVOD Z UCTU,DUCHOD,732,4042679.0
1997-12,PRIJEM,PREVOD Z UCTU,NONE,860,20276027.0
1997-12,PRIJEM,VKLAD,NONE,3632,69838837.0
1997-12,VYDAJ,PREVOD NA UCET,NONE,1545,2951030.0
1997-12,VYDAJ,PREVOD NA UCET,POJISTNE,466,613057.0
1997-12,VYDAJ,PREVOD NA UCET,SIPO,2935,12203920.0
1997-12,VYDAJ,PREVOD NA UCET,UVER,364,1500625.8
1997-12,VYDAJ,VYBER,NONE,8714,69723328.0
1997-12,VYDAJ,VYBER,POJISTNE,1,1200.0
1997-12,VYDAJ,VYBER,SANKC. UROK,39,961.4
1997-12,VYDAJ,VYBER,SIPO,56,452800.0
1997-12,VYDAJ,VYBER,SLUZBY,4028,69339.6
1997-12,VYDAJ,VYBER KARTOU,NONE,405,914500.0
1998-01,PRIJEM,NOT_APPLICABLE,UROK,4527,654010.3
1998-01,PRIJEM,PREVOD Z UCTU,DUCHOD,740,4086007.0
1998-01,PRIJEM,PREVOD Z UCTU,NONE,866,14042755.0
1998-01,PRIJEM,VKLAD,NONE,4039,60486786.0
1998-01,VYDAJ,PREVOD NA UCET,NONE,1567,2989220.0
1998-01,VYDAJ,PREVOD NA UCET,POJISTNE,472,619080.0
1998-01,VYDAJ,PREVOD NA UCET,SIPO,2991,12491462.0
1998-01,VYDAJ,PREVOD NA UCET,UVER,374,1531427.4
1998-01,VYDAJ,VYBER,NONE,21398,90991844.0
1998-01,VYDAJ,VYBER,SANKC. UROK,86,1481.9
1998-01,VYDAJ,VYBER,SIPO,69,558600.0
1998-01,VYDAJ,VYBER,SLUZBY,4109,70684.6
1998-01,VYDAJ,VYBER KARTOU,NONE,1702,3559000.0
1998-02,PRIJEM,NOT_APPLICABLE,UROK,4559,635982.0
1998-02,PRIJEM,PREVOD Z UCTU,DUCHOD,740,4086007.0
1998-02,PRIJEM,PREVOD Z UCTU,NONE,866,14042755.0
1998-02,PRIJEM,VKLAD,NONE,3874,55864012.0
1998-02,VYDAJ,PREVOD NA UCET,NONE,1589,3035936.0
1998-02,VYDAJ,PREVOD NA UCET,POJISTNE,480,630761.0
1998-02,VYDAJ,PREVOD NA UCET,SIPO,3041,12696819.0
1998-02,VYDAJ,PREVOD NA UCET,UVER,387,1581043.7
1998-02,VYDAJ,VYBER,NONE,3992,35162323.0
1998-02,VYDAJ,VYBER,SANKC. UROK,70,1561.7
1998-02,VYDAJ,VYBER,SIPO,65,582100.0
1998-02,VYDAJ,VYBER,SLUZBY,4184,71926.6
1998-02,VYDAJ,VYBER KARTOU,NONE,147,358100.0
1998-03,PRIJEM,NOT_APPLICABLE,UROK,4550,697079.8
1998-03,PRIJEM,PREVOD Z UCTU,DUCHOD,740,4086007.0
1998-03,PRIJEM,PREVOD Z UCTU,NONE,866,14042755.0
1998-03,PRIJEM,VKLAD,NONE,3849,58485694.0
1998-03,VYDAJ,PREVOD NA UCET,NONE,1623,3088260.0
1998-03,VYDAJ,PREVOD NA UCET,POJISTNE,493,639799.0
1998-03,VYDAJ,PREVOD NA UCET,SIPO,3103,12982897.0
1998-03,VYDAJ,PREVOD NA UCET,UVER,401,1632630.4
1998-03,VYDAJ,VYBER,NONE,5174,51479885.0
1998-03,VYDAJ,VYBER,SANKC. UROK,45,1254.9
1998-03,VYDAJ,VYBER,SIPO,66,545200.0
1998-03,VYDAJ,VYBER,SLUZBY,4255,73048.6
1998-03,VYDAJ,VYBER KARTOU,NONE,176,433900.0
1998-04,PRIJEM,NOT_APPLICABLE,UROK,4582,722201.5
1998-04,PRIJEM,PREVOD Z UCTU,DUCHOD,740,4086007.0
1998-04,PRIJEM,PREVOD Z UCTU,NONE,866,14042755.0
1998-04,PRIJEM,VKLAD,NONE,3676,57232265.0
1998-04,VYDAJ,PREVOD NA UCET,NONE,1646,3129276.0
1998-04,VYDAJ,PREVOD NA UCET,POJISTNE,501,648399.0
1998-04,VYDAJ,PREVOD NA UCET,SIPO,3151,13157192.0
1998-04,VYDAJ,PREVOD NA UCET,UVER,403,1648307.8
1998-04,VYDAJ,VYBER,NONE,5160,51605055.0
1998-04,VYDAJ,VYBER,SANKC. UROK,41,1641.1
1998-04,VYDAJ,VYBER,SIPO,62,532300.0
1998-04,VYDAJ,VYBER,SLUZBY,4313,74143.2
1998-04,VYDAJ,VYBER KARTOU,NONE,156,393800.0
1998-05,PRIJEM,NOT_APPLICABLE,UROK,4556,735858.8
1998-05,PRIJEM,PREVOD Z UCTU,DUCHOD,740,4086007.0
1998-05,PRIJEM,PREVOD Z UCTU,NONE,866,14042755.0
1998-05,PRIJEM,VKLAD,NONE,3655,57008439.0
1998-05,VYDAJ,PREVOD NA UCET,NONE,1662,3152399.0
1998-05,VYDAJ,PREVOD NA UCET,POJISTNE,503,656547.0
1998-05,VYDAJ,PREVOD NA UCET,SIPO,3191,13349528.0
1998-05,VYDAJ,PREVOD NA UCET,UVER,414,1675381.5
1998-05,VYDAJ,VYBER,NONE,5388,54000127.0
1998-05,VYDAJ,VYBER,POJISTNE,1,1200.0
1998-05,VYDAJ,VYBER,SANKC. UROK,44,2095.8
1998-05,VYDAJ,VYBER,SIPO,70,622700.0
1998-05,VYDAJ,VYBER,SLUZBY,4353,74898.0
1998-05,VYDAJ,VYBER KARTOU,NONE,191,477000.0
1998-06,PRIJEM,NOT_APPLICABLE,UROK,4588,728719.0
1998-06,PRIJEM,PREVOD Z UCTU,DUCHOD,740,4086007.0
1998-06,PRIJEM,PREVOD Z UCTU,NONE,866,20343491.0
1998-06,PRIJEM,VKLAD,NONE,3811,73163143.5
1998-06,VYDAJ,PREVOD NA UCET,NONE,1671,3184711.0
1998-06,VYDAJ,PREVOD NA UCET,POJISTNE,505,656054.0
1998-06,VYDAJ,PREVOD NA UCET,SIPO,3206,13433367.0
1998-06,VYDAJ,PREVOD NA UCET,UVER,433,1761903.4
1998-06,VYDAJ,VYBER,NONE,7285,91256657.0
1998-06,VYDAJ,VYBER,POJISTNE,1,1000.0
1998-06,VYDAJ,VYBER,SANKC. UROK,74,2571.8
1998-06,VYDAJ,VYBER,SIPO,75,671800.0
1998-06,VYDAJ,VYBER,SLUZBY,4359,75101.8
1998-06,VYDAJ,VYBER KARTOU,NONE,219,537500.0
1998-07,PRIJEM,NOT_APPLICABLE,UROK,4568,704733.4
1998-07,PRIJEM,PREVOD Z UCTU,DUCHOD,740,4086007.0
1998-07,PRIJEM,PREVOD Z UCTU,NONE,866,14042755.0
1998-07,PRIJEM,VKLAD,NONE,3900,59392134.0
1998-07,VYDAJ,PREVOD NA UCET,NONE,1671,3184711.0
1998-07,VYDAJ,PREVOD NA UCET,POJISTNE,505,656054.0
1998-07,VYDAJ,PREVOD NA UCET,SIPO,3208,13444359.0
1998-07,VYDAJ,PREVOD NA UCET,UVER,440,1795142.8
1998-07,VYDAJ,VYBER,NONE,4992,48884767.0
1998-07,VYDAJ,VYBER,POJISTNE,1,1200.0
1998-07,VYDAJ,VYBER,SANKC. UROK,67,2772.6
1998-07,VYDAJ,VYBER,SIPO,63,555000.0
1998-07,VYDAJ,VYBER,SLUZBY,4353,74983.4
1998-07,VYDAJ,VYBER KARTOU,NONE,208,512500.0
1998-08,PRIJEM,NOT_APPLICABLE,UROK,4556,731669.0
1998-08,PRIJEM,PREVOD Z UCTU,DUCHOD,740,4086007.0
1998-08,PRIJEM,PREVOD Z UCTU,NONE,866,14042755.0
1998-08,PRIJEM,VKLAD,NONE,3786,58363039.0
1998-08,VYDAJ,PREVOD NA UCET,NONE,1669,3171974.0
1998-08,VYDAJ,PREVOD NA UCET,POJISTNE,506,661241.0
1998-08,VYDAJ,PREVOD NA UCET,SIPO,3208,13441570.0
1998-08,VYDAJ,PREVOD NA UCET,UVER,436,1757979.6
1998-08,VYDAJ,VYBER,NONE,5142,53180434.0
1998-08,VYDAJ,VYBER,POJISTNE,1,800.0
1998-08,VYDAJ,VYBER,SANKC. UROK,59,3019.3
1998-08,VYDAJ,VYBER,SIPO,67,568200.0
1998-08,VYDAJ,VYBER,SLUZBY,4363,75144.8
1998-08,VYDAJ,VYBER KARTOU,NONE,223,555500.0
1998-09,PRIJEM,NOT_APPLICABLE,UROK,4574,744883.2
1998-09,PRIJEM,PREVOD Z UCTU,DUCHOD,740,4086007.0
1998-09,PRIJEM,PREVOD Z UCTU,NONE,866,14042755.0
1998-09,PRIJEM,VKLAD,NONE,3695,57380372.0
1998-09,VYDAJ,PREVOD NA UCET,NONE,1667,3163964.0
1998-09,VYDAJ,PREVOD NA UCET,POJISTNE,507,663256.0
1998-09,VYDAJ,PREVOD NA UCET,SIPO,3207,13435556.0
1998-09,VYDAJ,PREVOD NA UCET,UVER,437,1767559.4
1998-09,VYDAJ,VYBER,NONE,5043,51874930.0
1998-09,VYDAJ,VYBER,POJISTNE,1,900.0
1998-09,VYDAJ,VYBER,SANKC. UROK,68,3117.6
1998-09,VYDAJ,VYBER,SIPO,64,575200.0
1998-09,VYDAJ,VYBER,SLUZBY,4370,75293.2
1998-09,VYDAJ,VYBER KARTOU,NONE,211,483900.0
1998-10,PRIJEM,NOT_APPLICABLE,UROK,4563,760185.3
1998-10,PRIJEM,PREVOD Z UCTU,DUCHOD,740,4086007.0
1998-10,PRIJEM,PREVOD Z UCTU,NONE,866,14042755.0
1998-10,PRIJEM,VKLAD,NONE,3695,58131869.0
1998-10,VYDAJ,PREVOD NA UCET,NONE,1673,3179114.0
1998-10,VYDAJ,PREVOD NA UCET,POJISTNE,507,663976.0
1998-10,VYDAJ,PREVOD NA UCET,SIPO,3209,13447832.0
1998-10,VYDAJ,PREVOD NA UCET,UVER,445,1800701.5
1998-10,VYDAJ,VYBER,NONE,5251,54559889.0
1998-10,VYDAJ,VYBER,POJISTNE,1,1100.0
1998-10,VYDAJ,VYBER,SANKC. UROK,57,2747.0
1998-10,VYDAJ,VYBER,SIPO,68,568100.0
1998-10,VYDAJ,VYBER,SLUZBY,4369,75247.8
1998-10,VYDAJ,VYBER KARTOU,NONE,245,570100.0
1998-11,PRIJEM,NOT_APPLICABLE,UROK,4554,766409.5
1998-11,PRIJEM,PREVOD Z UCTU,DUCHOD,740,4086007.0
1998-11,PRIJEM,PREVOD Z UCTU,NONE,866,14042755.0
1998-11,PRIJEM,VKLAD,NONE,3582,56701703.0
1998-11,VYDAJ,PREVOD NA UCET,NONE,1677,3203958.0
1998-11,VYDAJ,PREVOD NA UCET,POJISTNE,508,670294.0
1998-11,VYDAJ,PREVOD NA UCET,SIPO,3210,13444638.0
1998-11,VYDAJ,PREVOD NA UCET,UVER,437,1757024.1
1998-11,VYDAJ,VYBER,NONE,4992,52874136.0
1998-11,VYDAJ,VYBER,POJISTNE,1,1200.0
1998-11,VYDAJ,VYBER,SANKC. UROK,64,2946.6
1998-11,VYDAJ,VYBER,SIPO,65,595600.0
1998-11,VYDAJ,VYBER,SLUZBY,4371,75222.4
1998-11,VYDAJ,VYBER KARTOU,NONE,274,620200.0
1998-12,PRIJEM,NOT_APPLICABLE,UROK,4451,803126.4
1998-12,PRIJEM,PREVOD Z UCTU,DUCHOD,740,4086007.0
1998-12,PRIJEM,PREVOD Z UCTU,NONE,866,20343491.0
1998-12,PRIJEM,VKLAD,NONE,3390,69923351.5
1998-12,VYDAJ,PREVOD NA UCET,NONE,1675,3188367.0
1998-12,VYDAJ,PREVOD NA UCET,POJISTNE,508,668777.0
1998-12,VYDAJ,PREVOD NA UCET,SIPO,3212,13459280.0
1998-12,VYDAJ,PREVOD NA UCET,UVER,440,1784427.1
1998-12,VYDAJ,VYBER,NONE,7349,55055051.0
1998-12,VYDAJ,VYBER,POJISTNE,1,1000.0
1998-12,VYDAJ,VYBER,SANKC. UROK,50,1915.7
1998-12,VYDAJ,VYBER,SIPO,63,528300.0
1998-12,VYDAJ,VYBER KARTOU,NONE,808,1854000.0
