district_id,district_name,region,inhabitants,avg_salary,unemployment_96,crimes_96,accounts,avg_balance,loans,bad_loans,bad_loan_pct
1,Hl.m. Praha,Prague,1204953,12541,0.43,99107,554,37858.0,84,7,8.3
2,Benesov,central Bohemia,88884,8507,1.85,2674,42,37810.0,6,0,0.0
3,Beroun,central Bohemia,75232,8980,2.21,2813,50,34017.0,6,2,33.3
4,Kladno,central Bohemia,149893,9753,5.05,5892,48,34878.0,7,1,14.3
5,Kolin,central Bohemia,95616,9307,4.43,3040,65,37245.0,10,0,0.0
6,Kutna Hora,central Bohemia,77963,8546,4.02,3120,48,36824.0,9,3,33.3
7,Melnik,central Bohemia,94725,9920,2.87,4846,44,37708.0,6,0,0.0
8,Mlada Boleslav,central Bohemia,112065,11277,1.44,4987,56,37337.0,5,1,20.0
9,Nymburk,central Bohemia,81344,8899,3.97,2487,46,44041.0,9,0,0.0
10,Praha - vychod,central Bohemia,92084,10124,0.54,4316,48,35017.0,5,0,0.0
11,Praha - zapad,central Bohemia,75637,9622,0.59,3529,48,36215.0,11,1,9.1
12,Pribram,central Bohemia,107870,8754,4.31,3868,42,36641.0,8,1,12.5
13,Rakovnik,central Bohemia,53921,8598,3.26,1875,37,39418.0,8,1,12.5
14,Ceske Budejovice,south Bohemia,177686,10045,1.71,6295,41,35017.0,8,1,12.5
15,Cesky Krumlov,south Bohemia,58796,9045,3.6,1879,50,35720.0,7,1,14.3
16,Jindrichuv Hradec,south Bohemia,93931,8427,1.54,1913,52,39064.0,11,1,9.1
17,Pelhrimov,south Bohemia,74062,8114,2.62,1181,42,36016.0,4,0,0.0
18,Pisek,south Bohemia,70699,8968,3.35,1910,46,36782.0,3,0,0.0
19,Prachatice,south Bohemia,51428,8402,3.98,1099,55,37638.0,14,1,7.1
20,Strakonice,south Bohemia,70646,8547,3.64,1542,36,34197.0,6,3,50.0
21,Tabor,south Bohemia,103347,9104,2.07,2354,48,33721.0,7,2,28.6
22,Domazlice,west Bohemia,58400,8620,1.25,1117,36,37601.0,2,1,50.0
23,Cheb,west Bohemia,87419,8624,2.66,3198,50,35907.0,4,0,0.0
24,Karlovy Vary,west Bohemia,122603,8991,2.01,5273,42,38281.0,8,2,25.0
25,Klatovy,west Bohemia,88757,8554,2.68,2218,42,34746.0,3,1,33.3
26,Plzen - mesto,west Bohemia,170449,10787,3.09,6261,45,37636.0,6,1,16.7
27,Plzen - jih,west Bohemia,67298,8561,1.29,1127,39,40781.0,9,0,0.0
28,Plzen - sever,west Bohemia,72541,8594,2.01,1525,45,39175.0,7,0,0.0
29,Rokycany,west Bohemia,45714,8843,3.6,888,43,38313.0,8,1,12.5
30,Sokolov,west Bohemia,94812,9650,3.67,2804,38,36875.0,2,1,50.0
31,Tachov,west Bohemia,51313,8930,4.2,1452,50,38229.0,8,2,25.0
32,Ceska Lipa,north Bohemia,105058,9272,3.22,4505,48,33687.0,6,0,0.0
33,Decin,north Bohemia,133777,8705,7.61,4859,49,38097.0,4,0,0.0
34,Chomutov,north Bohemia,125236,9675,7.68,5190,39,37732.0,9,1,11.1
35,Jablonec n. Nisou,north Bohemia,88768,8867,1.21,3620,43,34280.0,1,0,0.0
36,Liberec,north Bohemia,159617,9198,4.28,6132,57,36886.0,7,0,0.0
37,Litomerice,north Bohemia,114006,9065,5.39,4166,37,38100.0,7,0,0.0
38,Louny,north Bohemia,85852,8965,8.23,2822,54,41182.0,13,0,0.0
39,Most,north Bohemia,119895,10446,9.4,4743,41,35140.0,5,0,0.0
40,Teplice,north Bohemia,128118,9317,7.07,6872,44,41618.0,6,0,0.0
41,Usti nad Labem,north Bohemia,118650,9832,4.48,5471,45,38887.0,3,0,0.0
42,Havlickuv Brod,east Bohemia,95907,8388,2.94,1668,48,32742.0,7,1,14.3
43,Hradec Kralove,east Bohemia,161854,9425,2.5,3891,49,36729.0,5,1,20.0
44,Chrudim,east Bohemia,105606,8254,3.76,2325,50,34517.0,8,2,25.0
45,Jicin,east Bohemia,77917,8390,2.89,2122,41,34641.0,7,0,0.0
46,Nachod,east Bohemia,112709,8369,2.31,2618,59,35978.0,6,0,0.0
47,Pardubice,east Bohemia,162580,9538,1.81,5410,53,38612.0,10,0,0.0
48,Rychnov nad Kneznou,east Bohemia,78955,9060,2.44,1717,53,38677.0,6,1,16.7
49,Semily,east Bohemia,75685,8208,2.26,2123,37,33017.0,3,0,0.0
50,Svitavy,east Bohemia,102609,8187,5.45,2134,48,34882.0,12,3,25.0
51,Trutnov,east Bohemia,121947,8541,2.97,3839,49,34941.0,6,0,0.0
52,Usti nad Orlici,east Bohemia,139012,8363,3.49,2799,57,45241.0,14,1,7.1
53,Blansko,south Moravia,107911,8240,3.56,1903,50,41439.0,7,1,14.3
54,Brno - mesto,south Moravia,387570,9897,1.96,18696,128,35845.0,24,5,20.8
55,Brno - venkov,south Moravia,157042,8743,2.43,3894,53,38088.0,10,1,10.0
56,Breclav,south Moravia,124605,8772,4.98,3158,44,32832.0,7,1,14.3
57,Hodonin,south Moravia,161954,8720,4.5,3651,41,37566.0,6,0,0.0
58,Jihlava,south Moravia,109164,8757,3.95,2471,32,36110.0,4,0,0.0
59,Kromeriz,south Moravia,108871,8444,3.47,2305,57,39703.0,9,1,11.1
60,Prostejov,south Moravia,110643,8441,4.48,2252,51,38615.0,9,1,11.1
61,Trebic,south Moravia,117897,8814,5.74,2059,45,36826.0,6,1,16.7
62,Uherske Hradiste,south Moravia,145688,8544,1.86,2906,44,35891.0,10,0,0.0
63,Vyskov,south Moravia,86513,8288,4.52,1460,49,39362.0,7,0,0.0
64,Zlin,south Moravia,197099,9624,2.31,4265,92,36064.0,17,1,5.9
65,Znojmo,south Moravia,114200,8403,5.72,2718,39,34515.0,6,1,16.7
66,Zdar nad Sazavou,south Moravia,125832,8512,4.12,2103,53,37804.0,7,0,0.0
67,Bruntal,north Moravia,106054,8110,6.55,3079,43,38966.0,6,3,50.0
68,Frydek - Mistek,north Moravia,228848,9893,4.72,5887,83,38195.0,16,1,6.3
69,Jesenik,north Moravia,42821,8173,7.01,1358,48,35150.0,8,2,25.0
70,Karvina,north Moravia,285387,10177,7.75,10108,152,38766.0,24,3,12.5
71,Novy Jicin,north Moravia,161227,8678,5.57,4595,42,36721.0,6,1,16.7
72,Olomouc,north Moravia,226122,8994,4.79,9208,88,36787.0,14,2,14.3
73,Opava,north Moravia,182027,8746,3.74,4433,56,36999.0,8,3,37.5
74,Ostrava - mesto,north Moravia,323870,10673,5.44,18347,135,37291.0,20,3,15.0
75,Prerov,north Moravia,138032,8819,5.66,4505,51,38948.0,4,0,0.0
76,Sumperk,north Moravia,127369,8369,5.88,2807,55,38301.0,5,0,0.0
77,Vsetin,north Moravia,148545,8909,5.56,3590,40,37792.0,6,0,0.0
